Data,VIX,ECSURPUS,USGG3M,MXEU,Y
2022-01-03,16.4324169741002,-0.7358328622763954,0.899229044586555,461.38605049962933,0
2022-01-04,28.501371753226906,-1.2933082872668786,1.6439558371275407,496.8380979924718,0
2022-01-05,24.81047303980896,2.2548991261797715,2.12912880368599,406.81577011111835,0
2022-01-06,22.808735082290635,2.4208287073414545,2.717608223631681,461.9551881171341,0
2022-01-07,12.229529466397652,-4.121590521029789,2.4710921940463786,495.766747744186,0
2022-01-10,10.795170745271651,-2.782548877302937,2.616374417583054,404.44761229975256,0
2022-01-11,11.342203085169421,-3.5105733436994,2.526828488428734,408.55711602393836,0
2022-01-12,29.967094498897254,2.6632371045122616,3.435956708476236,509.5831535841256,0
2022-01-13,21.819454015194022,5.403386661128437,1.451983260407202,447.21722295766045,0
2022-01-14,24.208366990871166,-1.9571197495711927,2.229426880874472,393.35589415599185,0
2022-01-17,12.193853504452127,-5.299514015398371,2.751515309623231,426.52014927640386,0
2022-01-18,29.988471662301674,-4.2038576374277214,3.5694186929107823,451.8502648898701,1
2022-01-19,26.865713852991373,2.9095244435611862,3.3891434796798214,467.8744052423755,0
2022-01-20,14.688898878878996,-2.740265356314856,2.0014658551928113,484.97974327037247,0
2022-01-21,13.886743276715661,2.2829490402682318,1.3655795106150077,504.8519079121865,0
2022-01-24,12.528335768911969,0.722547290608045,2.0790225530089743,406.9690067410616,0
2022-01-25,14.743399701391056,-1.0282487314373188,2.4160488848384496,448.52734055177746,0
2022-01-26,22.381956744768996,-3.7655473104266495,2.004161770359377,447.7139337924435,0
2022-01-27,18.822783724747474,-2.6651051510814643,1.8310406768984193,445.35813547901796,0
2022-01-28,15.924678246540537,1.1503367453068631,3.061686838208651,390.66801882050095,0
2022-01-31,22.146830230391377,2.737037485239265,1.3409461706425392,523.2357534055615,0
2022-02-01,13.57095048065729,1.1111478188983892,3.0373506428765564,490.6419796156007,0
2022-02-02,18.38158407244185,0.4582120163505621,1.616977786093957,451.32207086860063,0
2022-02-03,17.85118953298163,-3.7553895010160026,1.375066045841169,472.14021943259445,0
2022-02-04,18.533312858026168,3.8177575602329386,1.7543224964008661,446.1626458840925,0
2022-02-07,25.57011836996873,2.329025427470489,2.7601699327469564,463.08617348505874,0
2022-02-08,15.06447211037245,-2.3755056617670176,0.9352450354015872,478.9851442768638,0
2022-02-09,19.701888166859234,3.4538323701152924,0.5895589300417621,452.8236030833027,0
2022-02-10,22.700537866271116,0.19955803664172322,2.879047905721703,497.6132595248246,0
2022-02-11,8.608270880421824,0.3480057085278053,0.9587366141596971,456.3762111847236,0
2022-02-14,21.92101746658238,3.355120975008049,2.163628144852041,428.8362513420715,0
2022-02-15,14.0386224872265,3.3802592099032998,2.275765643306602,470.3450617645888,0
2022-02-16,12.571157406281305,1.758375984682571,1.8233389151794896,403.54069151473436,0
2022-02-17,28.159236528024277,-2.8681445741700275,2.436128784534992,437.6928668637764,1
2022-02-18,27.809875643860583,-1.7546967284544126,1.2147848183964662,417.8492192654947,0
2022-02-21,25.9072117974374,4.671301253189387,2.0110751839571503,445.0898747522148,0
2022-02-22,14.966856375720525,-2.857065634493977,1.8192109300889117,477.81467651244924,0
2022-02-23,11.80440561339815,-1.0129674122252381,2.5203990411785795,449.88665620020765,0
2022-02-24,23.678007075611898,-1.2619898281696225,1.0330628492121066,474.18012932639635,0
2022-02-25,17.48390482959008,-3.044767261331907,2.2264013967751994,488.41749401579165,0
2022-02-28,13.245203807006442,0.9951166627589507,1.4765456867623152,447.8081024675587,0
2022-03-01,19.746324308860956,5.853506513547016,1.4552086031686398,468.5524493675,0
2022-03-02,11.768230291309717,-1.6668574794333577,1.0585307377293045,426.1576479295781,0
2022-03-03,26.34150280127955,-2.819588752399649,1.2127067164801313,416.3582365506063,1
2022-03-04,14.158407461454948,-1.789164379594409,2.6496118711906664,440.30549513840947,0
2022-03-07,23.767114995727763,3.9579065930541333,1.381042755516092,412.6842038849696,0
2022-03-08,15.435110950962956,1.6554238339576561,3.345203403611746,405.2308704027142,0
2022-03-09,20.23682476550652,-2.758584003042749,3.435983728451312,458.0159503791844,0
2022-03-10,20.93490470442277,2.843396533659123,2.1470256356435145,460.7876423874918,0
2022-03-11,13.855345091463908,4.229471113405502,0.7265486966297762,454.4896035946205,0
2022-03-14,28.714126342557464,4.669027824071597,1.4657753277285512,510.435995313946,0
2022-03-15,25.65194303069477,4.049819060714546,2.9136117732941185,448.59605073555036,0
2022-03-16,28.0074351260493,-2.9277790631177956,1.3794683396056127,491.0968138858586,1
2022-03-17,28.57082747729975,2.5509472463193803,1.1150851780378208,420.269565786939,0
2022-03-18,21.84315555673868,0.20660172167051472,1.6421751969158227,452.17886456190314,0
2022-03-21,28.592521324057852,1.9761307127670726,2.9706749809791835,479.0802430991615,0
2022-03-22,14.339776880728724,-0.01127418152110593,2.909857089252047,474.4057823857495,0
2022-03-23,12.812552793782883,2.2139376155056625,1.1268536059577174,474.07637657002067,0
2022-03-24,12.293128047251049,0.3409059508965566,2.335108897784915,443.5640342883381,0
2022-03-25,13.847255258215915,-3.733852502950242,1.388371749084584,401.0241915854274,0
2022-03-28,15.695169138870698,0.3024888701519113,0.875856394893932,433.5971848474852,0
2022-03-29,14.186340557790347,4.393448986222069,3.008989602194042,433.75344133896465,0
2022-03-30,25.39722181776365,5.826348199441934,1.3731563692765754,485.4658043639948,0
2022-03-31,17.338768332010634,-4.2415178774275635,1.497779752512584,413.7573301670737,0
2022-04-01,15.908532457916083,-3.0513774830948,0.22115991300767912,496.574974667007,0
2022-04-04,20.599100394792604,-3.0605051214109786,3.6410144604595844,478.9287600997646,0
2022-04-05,12.66860653273279,1.1209659820721862,2.698286126993962,413.56269008244516,0
2022-04-06,26.571704376012455,4.216965085989719,2.119550309766477,441.51430803050084,0
2022-04-07,12.324236751216159,-2.9406506234287404,2.8513402701711783,495.5934792901674,0
2022-04-08,28.411199715900587,0.729007546759503,0.886487011557184,492.7434544357421,0
2022-04-11,25.083004414700145,2.3351730470718444,1.7757603212547775,434.1662671928348,0
2022-04-12,13.904723807770438,0.7742566816464416,1.6727869735602865,421.8256690488297,0
2022-04-13,10.595758339032502,1.240261712943512,0.4758704406854876,448.87671886574105,0
2022-04-14,25.536561426823212,1.2798864306852453,1.617964575649832,475.2221055530264,0
2022-04-15,24.047925701358672,-0.8184460851947107,3.1427342779992604,436.62990845094123,0
2022-04-18,24.610126995346906,-2.894178568086489,0.8357577050427485,468.68200010708756,0
2022-04-19,24.720936830259383,1.7756547130049305,1.263571681798825,393.63081145161624,0
2022-04-20,10.752577884733922,0.699441127633579,1.4424541455228332,407.60788565510495,0
2022-04-21,17.268060348522788,5.375902111864041,1.454642913231467,430.393420808296,0
2022-04-22,12.187036044515386,0.462292805144612,3.2818928925396227,430.16479281746,0
2022-04-25,27.762546036932502,3.2496072960399633,1.9721519345778216,444.81608244108565,0
2022-04-26,21.412703815906163,-3.727902126203255,1.9552987638228276,457.37313055254873,0
2022-04-27,16.267278969174196,0.21876217528024156,2.8136704731022673,433.6531013536716,0
2022-04-28,11.04195095416688,-5.45079780384326,0.8902282725191415,406.506601835682,0
2022-04-29,17.03351034243685,-2.696004260856064,1.9117584956587197,433.0609205835667,0
2022-05-02,15.56325266596704,2.3055363265257696,1.5759636110446626,508.1170001888987,0
2022-05-03,24.826775571916368,3.915912057712162,1.8487235137819324,437.3550050418295,0
2022-05-04,23.00390493464215,-3.267394658707715,3.719487231607726,457.9824185857007,0
2022-05-05,29.390652094206505,-1.4982704078587026,2.839798369603201,470.58195189029607,0
2022-05-06,18.437209138932726,2.7721097716515763,1.6948393801766386,514.9714051628574,0
2022-05-09,11.73465160064854,-3.9539930283195237,3.062348981393717,427.21255890888983,0
2022-05-10,23.32754006223658,-2.0114841657724476,0.8464455989787107,474.0021280513035,0
2022-05-11,23.54592180026955,2.139685197696579,0.3911786162499938,485.7403422374833,0
2022-05-12,22.990230885652643,3.5724699242147064,1.0566081786571888,465.20638104999637,0
2022-05-13,24.177842368142098,-2.335148365947815,1.7948543646955417,403.84549288576227,0
2022-05-16,19.05960651823297,-1.4654146928770007,1.7979940666800542,463.20179921747905,0
2022-05-17,21.77042309592204,2.5750270156457047,1.8199743502619663,408.79502064135494,0
2022-05-18,16.797713320232777,0.564731034132213,3.127536933279515,446.70865073552756,0
2022-05-19,11.264734104169285,-4.400584749395662,2.25810201189841,472.52552856853237,0
2022-05-20,10.74480419452431,1.4290947849720936,1.6573181290063173,432.06246024429754,0
2022-05-23,11.875278450264272,-3.532564755928737,0.41467230870437205,462.2496622426246,0
2022-05-24,20.55833053823475,3.1727191427535657,0.6574440060843052,418.38020157124555,0
2022-05-25,14.533650205275872,-2.2570086726396914,2.667461292844183,495.60502855286217,0
2022-05-26,19.62649158833515,5.01921054000353,1.5428935060397944,441.43525890597175,0
2022-05-27,29.123152168694595,-1.3009758292851652,2.7381543666473043,427.1927022718825,0
2022-05-30,14.954886332340926,-1.057822600652389,1.0497784279033726,413.40929176846004,0
2022-05-31,17.871943387826022,-2.9193053629341748,0.8158498743498896,507.6306204426241,0
2022-06-01,26.45706697832569,-2.297998556038875,1.7222965613252355,417.09339018581505,1
2022-06-02,16.73120284826552,3.1929058453851047,0.8881568390323387,405.9086347617625,0
2022-06-03,12.211855480989632,5.06519967153446,0.7355929641937815,440.6548588779463,0
2022-06-06,15.172174555174077,0.2321154565636705,2.796763140003481,459.96720635967955,0
2022-06-07,12.806282711070816,-1.7530007661084757,1.190510025179392,455.30843423279083,0
2022-06-08,27.305505667094135,0.7531841162749309,2.456347922488171,405.28263023153323,0
2022-06-09,26.263225013542392,4.026718645887262,1.5087624657751433,446.45416906502976,0
2022-06-10,21.038482144232145,0.9813310437238592,0.9680591222914849,434.2757953076282,0
2022-06-13,27.981075459063856,-0.9114013538512982,2.1275554371918464,413.9565738093045,0
2022-06-14,28.079015583622244,-0.6298283936052623,2.824708926551167,427.76832757889633,0
2022-06-15,14.448992757513766,1.7329792103332633,1.5538963064313642,466.5464189493872,0
2022-06-16,27.38203224960462,-3.4779539253551306,3.1142119313368886,426.0903196826367,1
2022-06-17,21.313782250944808,-0.4050106038781083,0.5816114346183701,439.06994640976035,0
2022-06-20,27.769336548447125,-2.273566920366672,2.448832582089654,451.6230709317987,1
2022-06-21,29.492320633731,2.8387185526217955,1.2347113596396428,505.54485016534954,0
2022-06-22,15.356311607873906,-5.713282412922846,2.5318320850114793,505.16232594543595,0
2022-06-23,12.71133488013586,0.7061682650518337,2.1517670682128562,483.28231228131193,0
2022-06-24,14.400601760768636,1.4711990645892559,3.4862201030593925,410.2729047798086,0
2022-06-27,19.348749020438813,1.4441417473482359,1.4803263174682282,404.846746097698,0
2022-06-28,26.74390927226663,-4.120763149451633,0.7113289916282561,442.2913111711491,1
2022-06-29,24.84489025564242,-0.4603268908912679,0.4854452661261213,426.1642256581366,0
2022-06-30,9.791029524326976,-0.0015155284442400774,2.802331982896909,455.6234837008769,0
2022-07-01,20.41350441444761,0.23140456383777208,2.06183889619216,474.585307854318,0
2022-07-04,16.913855095816732,0.717161569208314,2.996251316163868,475.5341754024673,0
2022-07-05,15.023178219280592,3.0463231672673903,1.6273904241206445,483.2529679005898,0
2022-07-06,10.873292104946627,3.6075810575328227,1.6511350331194952,439.0580305526333,0
2022-07-07,15.953864380655505,-3.4132507556548886,0.08814461635366644,462.16655715145384,0
2022-07-08,30.19950599795052,3.496998880232626,3.3768489566340065,428.9263073038553,0
2022-07-11,15.580280851550835,0.4807785711313214,2.513564278283007,396.6959219036585,0
2022-07-12,20.949779394068997,-3.089268170135422,3.4868570651939086,481.34897573593514,0
2022-07-13,22.30680545999487,-2.8339500209918347,1.3334512827851646,398.03819768109844,0
2022-07-14,19.353906704351022,-2.672711004867261,2.585008617137398,455.4458141971107,0
2022-07-15,29.131088015931958,2.038112259904337,2.613834028000968,448.22540543561666,0
2022-07-18,29.34426670578994,0.8192314884945411,1.764408714672343,468.5272942046678,0
2022-07-19,15.214682713056249,2.6521297876170826,2.9565785210372315,466.5400599505644,0
2022-07-20,20.552536982179067,0.6390489388624281,3.3703530821600824,409.550484819795,0
2022-07-21,14.498386213349217,0.389324496144007,3.319893660165992,466.44233071421746,0
2022-07-22,15.69147341671269,-3.6014257565796837,2.602762113759429,415.6533278015068,0
2022-07-25,10.078970121309299,-2.037919987161729,1.174391478758647,458.41733227327114,0
2022-07-26,20.501729453519665,-0.5080483460125067,1.2189777063795582,473.8600985736828,0
2022-07-27,21.04070266470594,-4.949138604833851,3.240237837920329,473.1880681633987,0
2022-07-28,10.677402041400196,-0.7043417511931143,0.6353658719821416,476.53263714186875,0
2022-07-29,15.81544971034475,-0.6254080864806704,2.281188313799522,410.53643812942056,0
2022-08-01,28.345163138061135,2.541371721287623,2.307544482402205,475.10258911842106,0
2022-08-02,14.456385540963336,7.007081333159137,2.7406179213208453,463.8359319514036,0
2022-08-03,14.872924795455242,4.337933157995575,3.325307194065762,490.03779266214707,0
2022-08-04,19.74179055292225,1.2356129603504205,1.4756412775255252,421.28463775048874,0
2022-08-05,28.155056764535345,-1.144964889869707,1.2220863077999187,491.53779442005145,0
2022-08-08,14.440724070046691,1.181381965319919,0.7556430623975219,454.61643699150636,0
2022-08-09,23.942448568229683,4.22936465547885,1.6845930760949315,428.16028500537124,0
2022-08-10,25.7649874159449,-6.028500002095633,0.9705276790724614,449.3694606020305,1
2022-08-11,13.664969944586232,0.6324825982592079,1.7975441940458754,457.2987560597197,0
2022-08-12,25.49380947958196,1.9740657039060276,3.2402285161790574,436.93777763465584,0
2022-08-15,15.592795725514025,-1.4283228099039749,3.284982582439684,495.73229122935464,0
2022-08-16,23.79025181448801,0.2894782919732033,1.257083022551139,455.78247595362956,0
2022-08-17,21.351246326080492,1.4662468783927016,1.9981853322058298,468.8399590945002,0
2022-08-18,20.489248462486493,-4.753361820547354,3.4367068729778,445.3010591715237,0
2022-08-19,12.870364079114864,-0.9154729173951733,0.7813613299696606,404.6269003359631,0
2022-08-22,26.825655580671828,0.36942251070617393,0.8168715236307974,430.39996148226436,0
2022-08-23,17.232299817148284,-6.101206919272163,1.118272440590536,480.3292749536467,0
2022-08-24,14.349032167707017,-4.568376193476052,2.212854623682697,439.10389026849117,0
2022-08-25,12.10177144449988,2.6549882589611262,0.8960896391857031,409.6957037958143,0
2022-08-26,22.880068714678547,-1.8434046940788398,3.4944074193947032,446.1756873716168,0
2022-08-29,23.097542928309206,0.19993543980390663,1.745370607743655,427.74683826094645,0
2022-08-30,10.964698212350587,-2.654231173156579,1.9313939464917989,407.8543325910413,0
2022-08-31,18.71530930428787,4.894664736024479,1.2400131803432142,443.0976398270237,0
2022-09-01,14.472010596620974,-0.6026843015555194,2.1430022674228146,420.6567166264348,0
2022-09-02,23.721940542827536,-0.8943356643379474,2.259208147199105,480.0322521167728,0
2022-09-05,13.621176234345828,4.447060446994201,2.90536711140318,497.2550363024298,0
2022-09-06,24.265394493566404,2.1260627100469236,2.919963530690433,475.6398067848969,0
2022-09-07,17.521434550044958,-4.0954221983552355,2.3908357399416267,403.27904953913526,0
2022-09-08,29.863669212269834,3.498839375837482,3.051730048939674,476.1724290735909,0
2022-09-09,12.670003109210873,1.065984895914891,2.613687218816141,496.7789508873122,0
2022-09-12,16.355876838601116,0.18530206963921192,2.8830844385781607,484.11193990649247,0
2022-09-13,13.155987837380836,-3.978258306363717,0.7043243219241743,411.4844252609056,0
2022-09-14,27.088712443206795,-4.1946934570054,0.7215092136115744,462.01396253716666,1
2022-09-15,28.047820411136964,1.0289853357679344,0.9972344659845113,484.1985702794565,0
2022-09-16,14.116347680075974,0.5691268499083647,2.6425944569916293,452.6177045425437,0
2022-09-19,24.477607749921745,0.25084008847520467,1.9444748890915198,443.59324246561874,0
2022-09-20,26.083416750777523,1.8429919536908868,1.688156833688065,466.2581270479779,0
2022-09-21,21.239000952808937,2.185086842151596,3.237146565341804,454.4239819803993,0
2022-09-22,21.00558196376425,-3.145040093654416,3.2630818359003353,407.4191584863979,0
2022-09-23,12.907361221694877,0.6655317587358172,3.0632318863548273,463.31722469855936,0
2022-09-26,11.211470514561128,-3.712591791848967,1.5478535500020034,400.79355328187006,0
2022-09-27,28.987861068353087,4.6134726494569716,2.897667106397988,441.6422146245346,0
2022-09-28,28.876126167437498,1.3225258619253988,1.319340330731636,413.27156214479766,0
2022-09-29,22.945061350860577,4.2078060588133575,0.7796445114930179,477.3136600017043,0
2022-09-30,15.43113224954849,-4.957961642070947,0.9164520658593056,400.99651356809676,0
2022-10-03,17.569694953111796,-3.6852608169875203,1.1704369728204567,458.84467735886005,0
2022-10-04,25.232513167610232,-2.3593534262861016,2.047925085148678,475.09856164898304,1
2022-10-05,27.989222412175288,-3.0323162009623665,3.145668572430824,429.2162022228394,1
2022-10-06,28.964899435893802,-1.2089079770069897,0.7593994260845726,410.57639872781476,0
2022-10-07,24.914079127022354,5.482148809724003,2.421165557790895,402.1901903184313,0
2022-10-10,22.33077534558578,-3.1049615672436444,1.9277057509194182,500.25613979742354,0
2022-10-11,9.198187720815161,-4.147042690074306,1.2361806348885478,460.12893244349044,0
2022-10-12,14.15240179203994,3.6014963140165595,2.0003402734024855,452.1104491729148,0
2022-10-13,28.28494573401172,-1.187231401254604,1.414978077970744,417.8285243219438,0
2022-10-14,20.44676086805857,3.5577311687145805,2.556532260789658,488.8992196815207,0
2022-10-17,8.425342032338445,-6.316442242067984,1.6629807970261241,508.65090813987007,0
2022-10-18,11.156800229949631,0.7683092750331525,0.6915790163658504,475.95143350231234,0
2022-10-19,24.063693324141468,-5.875035927447955,0.6183535286386317,478.8443208261916,0
2022-10-20,9.800871188835746,-3.6427038463799306,2.1354820753270904,411.3595535627564,0
2022-10-21,12.411374111689648,4.078647601280544,3.061503486469152,416.23066087897877,0
2022-10-24,19.968559894248227,-4.561485708220693,1.4734713505704515,388.0081903945492,0
2022-10-25,22.786991996025677,-0.08282949017460989,2.6081936056039807,424.0440639953649,0
2022-10-26,21.105546888944453,-0.20272551703623354,2.6740317555603377,405.43791081267216,0
2022-10-27,13.277990357564821,-1.4206722842963393,3.177271605509979,434.2853921741765,0
2022-10-28,23.17300634727355,4.582746437345209,2.8874746365078603,449.2166105759242,0
2022-10-31,15.427604986393149,-2.80532544772962,2.3432724929481443,473.55341489695047,0
2022-11-01,16.342270910038742,0.07365525004483975,2.358095112495907,460.8172573381265,0
2022-11-02,24.104243259343022,6.251156917104128,3.2798018746435083,494.71599361623873,0
2022-11-03,25.302380736350482,0.7060377721416328,1.7648534061651562,469.1683604480988,0
2022-11-04,26.320571296336894,3.4694405720077905,1.508737289365548,418.54094950268683,0
2022-11-07,24.319360760390506,-5.807734832878753,0.30555397436429105,477.10369531366575,0
2022-11-08,22.987280624497146,-1.0011872000354198,3.22560806747878,430.9264904754387,0
2022-11-09,10.303535018904508,-1.476771978455029,3.3470788605267177,461.1976349187877,0
2022-11-10,17.42827902526224,2.180660529429763,0.8151291819539331,421.9303893229418,0
2022-11-11,14.786513702726285,6.324125835219814,2.021301168724026,488.5519248522156,0
2022-11-14,14.280868471022336,-3.8858750656090812,1.8977656361656667,433.4486730942309,0
2022-11-15,30.01558791185582,1.5296570668946898,1.0540993146445343,428.10762963261584,0
2022-11-16,17.239083996911923,-4.271417116815718,3.3186671460390493,491.68210311016753,0
2022-11-17,27.344962057215795,1.0169344283410668,1.1183078255664283,398.22554004040876,0
2022-11-18,22.454657624319964,0.5262122569806621,0.7698333675541117,466.61701033251217,0
2022-11-21,25.522826802456397,4.2992915026343175,2.5251517089469138,483.0017570184692,0
2022-11-22,18.879171655091717,-1.5189411296624682,2.871684778016973,480.2854169223597,0
2022-11-23,22.333984197374654,-1.3059881323353175,0.7607039320480133,484.03328393083183,0
2022-11-24,20.898884814884877,-3.4223035993871567,2.3908992048457813,504.996709671067,0
2022-11-25,14.248478345496109,-3.083236957688957,2.177259418889148,404.4789091179992,0
2022-11-28,24.072489654207843,-1.5110485086654952,0.6654023612001194,482.49789093061804,0
2022-11-29,14.910236512487336,-3.561387066246069,1.1866768508161285,480.7067764297333,0
2022-11-30,9.782699265702629,4.186376683861829,2.4341668201053643,464.52860786380404,0
2022-12-01,25.26682228317606,1.8047353953032241,1.4997455542943896,415.7268293926567,0
2022-12-02,14.480051889707623,-1.5446784702628529,3.241465068594985,453.22948173158204,0
2022-12-05,27.969061608474945,-3.532659455388848,2.9154752628438327,496.05156353661516,1
2022-12-06,29.24326936748889,3.0972171024866784,3.8120048616733913,497.2771174060307,0
2022-12-07,27.93475277930961,2.146620358983191,1.2088704279265428,428.35932874207265,0
2022-12-08,17.986974381265178,-3.9756398974616474,3.619169731884045,406.0032482597665,0
2022-12-09,10.85263143336669,1.591122408184134,1.8614799290183779,437.23725972646855,0
2022-12-12,29.649980905659977,-0.24032590573515134,1.4757290962492953,483.05190571592993,0
2022-12-13,17.713126507684088,-4.148594125044193,0.38211877541417466,480.52149913309904,0
2022-12-14,29.437831679511522,-1.5042395235762382,0.7006158496965093,449.2787507078809,0
2022-12-15,27.523852556827528,-1.238862257584716,2.5942539411611882,420.2908724994476,0
2022-12-16,25.80284880891836,-2.662881315410739,2.2350939175939506,432.75357762638987,1
2022-12-19,16.773078677950895,3.308187434844167,1.0075263390238176,448.26173964397185,0
2022-12-20,16.751270780633178,4.166066215715832,2.8008646372852546,493.70022115331307,0
2022-12-21,26.18182463228928,2.152814666145034,1.3343364606496522,453.4160654206652,0
2022-12-22,16.330162028575504,-2.102851118784525,2.308461107277699,440.7282416863784,0
2022-12-23,14.084615964568389,-1.5599092364905696,1.459011814061625,475.7785595036004,0
2022-12-26,20.07519845333291,2.7038440745569137,3.033597941346351,406.4354700373777,0
2022-12-27,25.242286654455537,-0.5268468370706272,3.0566986679469803,502.3070344477113,0
2022-12-28,23.050372691355946,-4.841673203490531,2.1195166527313796,436.85117495122586,0
2022-12-29,22.606851479740136,0.5870873809552134,1.356792886486658,440.65088879224186,0
2022-12-30,12.286664926432245,3.8474266816109903,1.8690355608348914,417.3207946456721,0
2023-01-02,23.62401933777061,-0.6591401100749154,2.9894266817590496,461.19343818066636,0
2023-01-03,28.66926085995257,-5.077944419148957,1.6061842274542983,452.303632023442,1
2023-01-04,11.162284037066424,4.285151855538839,1.082989668819586,488.57325183350474,0
2023-01-05,20.829141599922274,-1.2474625148426772,0.5684364979701104,425.6632260219597,0
2023-01-06,27.787484176244153,-1.4349336003378168,1.9146242881338826,428.1076548259349,0
2023-01-09,25.120926675461345,-3.267618323112017,1.9838554067241694,421.4166613574988,1
2023-01-10,24.87331146255593,-2.506115072925951,2.7456404775858236,454.3334861560524,0
2023-01-11,24.471366603654445,1.7370706503297848,1.322373170371217,396.3110723535197,0
2023-01-12,17.59544061753548,0.7163727003051304,1.842278747784516,460.4489562448321,0
2023-01-13,16.586843899091008,-2.5327890376041906,2.7792842919168477,497.2572783993982,0
2023-01-16,26.6896397417573,5.179899374466839,2.766353762192502,494.1000652806513,0
2023-01-17,27.059713825301024,4.4462686420514315,1.5932409525614444,447.387027462155,0
2023-01-18,28.349967196380657,2.202703948700252,1.8821510892573026,446.7115461736675,0
2023-01-19,29.796499852370342,-1.5600902684616889,1.357023470564782,411.69927685606945,0
2023-01-20,19.577656652315078,-1.4856671855045325,3.2854810687037794,469.09303159559613,0
2023-01-23,20.51088800115474,4.4659252894564005,0.9002268367599242,471.82621928951517,0
2023-01-24,25.595580210738206,2.970324969351598,3.027594481259284,424.92629767680285,0
2023-01-25,22.165719628276037,-2.7326582979604375,2.3009402300453763,431.393201574159,0
2023-01-26,23.349797224073704,-1.2380355313897184,1.5502609098755644,484.69475910553524,0
2023-01-27,26.410808906283545,0.24603682725951082,0.786486228044182,482.9055673513464,0
2023-01-30,28.218359391137326,3.9090054398952137,1.9298339795895145,449.7118142542512,0
2023-01-31,17.160315166269154,0.9215236280076925,1.9328145413012283,454.65811961661933,0
2023-02-01,17.285945405229548,0.8657805062167385,0.7561088367630893,405.2069194009668,0
2023-02-02,11.883053547995791,-4.265930625990886,2.474110278408603,408.8460743071864,0
2023-02-03,22.38335551579953,3.3630124031552624,3.4564180233281774,496.30563759557464,0
2023-02-06,9.229452416285536,3.4511023651936568,2.0742099342275724,498.78438988473613,0
2023-02-07,19.336602461077785,-0.6980568358329824,2.3335742696384787,470.1089661809302,0
2023-02-08,20.94284884227832,3.422042761307736,1.0545256249250818,389.0523521410776,0
2023-02-09,16.484129311643336,5.066353149622572,2.032857655704994,492.54124938533556,0
2023-02-10,20.46641679943739,-2.1233949082534966,0.7726890011484147,429.9984205315419,0
2023-02-13,12.1051387442984,-0.3839568745995102,2.4404330356434527,429.8779579145111,0
2023-02-14,10.960594199412798,-2.686922173100275,3.2184883393710852,452.0714312474277,0
2023-02-15,26.718591759888103,1.8283899573666986,2.286252476809966,408.4389897393545,0
2023-02-16,16.802433070893034,1.2154348894318017,1.0958614459346674,482.55629950598325,0
2023-02-17,13.07923260783454,2.1247606790151514,1.232924838674088,451.40716486596574,0
2023-02-20,20.492819251379192,3.4369144623108268,2.094889398928332,415.92171716564917,0
2023-02-21,26.608853006078682,0.6341971599720861,1.7264880338482036,418.6805164474107,0
2023-02-22,12.874926301873248,4.145304665241386,3.3311793471629745,419.92084473245535,0
2023-02-23,22.633355346270513,0.9990303280539125,3.1233307449771712,406.6785105022727,0
2023-02-24,12.115461648252786,-4.512152647785834,2.001043105396201,463.13990268939426,0
2023-02-27,10.847262029009062,1.5718914792136238,1.6198237871912795,492.4732128552682,0
2023-02-28,20.222426808055914,3.628151261948322,1.2702211609626044,405.67616255524854,0
2023-03-01,20.449745153233422,-0.9832811185815895,0.7719552875794995,409.43631973221954,0
2023-03-02,22.92323729933196,3.277825622323347,1.6886548719657224,441.4547960012298,0
2023-03-03,22.711867773472523,3.9898332957995963,1.457696166071963,482.45184553026206,0
2023-03-06,30.48205655031392,-3.7488288729027204,2.445741592804887,437.4689645368794,1
2023-03-07,19.845875098328055,4.4781855263456105,2.570243222535335,442.2508518264767,0
2023-03-08,16.5869321561917,-2.7025015559926295,0.8462395559558991,452.7111420073396,0
2023-03-09,26.270826162162138,-2.404638299868534,1.7156618409953126,420.8308961635282,1
2023-03-10,14.890839637928527,-2.657085886238529,0.9876581615920259,396.91982985493246,0
2023-03-13,18.648390007113726,3.989670787259665,0.9464498612251225,478.8869908090731,0
2023-03-14,9.533887386219815,1.5499886818777946,3.129987873687185,472.90380184338744,0
2023-03-15,11.239138475642223,-4.139278307250718,0.6325258069738646,454.0009988326499,0
2023-03-16,30.33303729388067,0.10206260388602484,1.5491791186182584,483.2480360354528,0
2023-03-17,25.018608858305363,1.5739531950874097,0.757911450510574,468.75788184784966,0
2023-03-20,23.512991245177698,-3.6733403021133677,2.8400631627482,419.34534104620775,0
2023-03-21,16.949189510044583,3.2981288414058065,2.462237703522976,433.1342623961554,0
2023-03-22,13.28814607992951,0.8826924345441078,1.3556342762530331,420.0771278138841,0
2023-03-23,13.777377188142683,1.1492204475200778,1.9859842848630198,416.2414795096588,0
2023-03-24,15.992166862548531,4.1924286965833,2.603700582076531,490.37782891213027,0
2023-03-27,22.106386483549255,-1.6851659712921239,3.2595680251648296,477.3377642682766,0
2023-03-28,25.602462278693462,5.534582102278971,1.3799854342526987,501.4542754064137,0
2023-03-29,22.98153475589906,1.2871873481171408,3.5394320180229837,457.5427016568293,0
2023-03-30,14.451719310185418,2.4066491165860358,3.181833757716963,409.7172624662092,0
2023-03-31,28.98271531295591,-2.7234450974654525,3.4769447377273406,410.45636317454336,1
2023-04-03,25.391205836218944,4.5028469062469165,2.4118456536575072,482.65862194774616,0
2023-04-04,19.859821269307158,-2.091058831994383,2.3469761773220297,487.0573831866009,0
2023-04-05,23.894551878135285,-2.165721956788806,2.010474756117453,459.98704394454,0
2023-04-06,19.28988978731614,-4.612674269008553,2.7551605027628083,466.84442158062404,0
2023-04-07,14.74805262159182,0.22827969713762214,2.153154942903723,473.057829948189,0
2023-04-10,16.408581642613992,0.41738468856901456,2.581969000267173,462.699424910146,0
2023-04-11,24.487801128174738,0.4173009907932661,1.460253838214496,404.70182271994514,0
2023-04-12,10.362075986395272,4.311233341658692,2.7521716218726295,474.91231649760203,0
2023-04-13,12.092050207407972,-5.235305661751776,2.860876147925601,493.0312795616617,0
2023-04-14,11.87055559571768,0.9622946175600893,0.6550781417793241,438.34972674010993,0
2023-04-17,10.471600218076773,-4.648239745242069,2.895361730632932,459.0090312102481,0
2023-04-18,27.614713490831637,4.6944589065615645,2.015811821443532,429.91006623739787,0
2023-04-19,24.044232303425602,2.561371744923772,3.239974235096739,488.1358983421387,0
2023-04-20,19.753145939143575,1.9416652597719426,1.5811471958026375,392.06173169547344,0
2023-04-21,11.726626777423647,1.5666265231808174,1.4791519683392542,461.0782321771019,0
2023-04-24,20.540033043586266,-3.563856825755463,3.29225984966127,403.9144992189855,0
2023-04-25,20.191975495901392,-1.4048454506205126,0.9883490483743544,467.0757515119972,0
2023-04-26,13.92396642402245,4.452180597111655,2.9008356242119624,407.6372887428738,0
2023-04-27,19.284547311908966,-0.5632462062045283,1.619166370461568,429.0351580527383,0
2023-04-28,17.025725910404418,-1.9703046432361828,2.2262886196548584,467.45138209724064,0
2023-05-01,22.64024772395331,0.10214269835578682,1.3651322203804148,478.46761517165453,0
2023-05-02,23.951074784840408,3.7842752605397294,2.2159430328565985,402.6412523858214,0
2023-05-03,11.397484762460387,-0.5305207103888119,1.658835652786852,413.1751332583097,0
2023-05-04,16.461534789727903,-1.8138848387496356,0.4733544659941795,476.0546611449807,0
2023-05-05,22.46743180463564,1.7603715575187215,1.2535984143034675,452.24854630096604,0
2023-05-08,20.437703109941463,1.93373444099878,0.3078715303586237,486.7153060858337,0
2023-05-09,26.372397306868134,-4.407090375887943,3.2233636169714077,412.6550627277299,1
2023-05-10,21.815601435655548,-2.3409783658576666,3.2131250506580664,468.26789340770995,0
2023-05-11,12.942590673192067,-4.544039028600672,1.5869678142501822,433.69222354162986,0
2023-05-12,10.670542540040895,-2.4777367990733765,2.6081534561843247,396.1255551619811,0
2023-05-15,22.834096532736343,-0.15270232939598832,1.595144725410951,464.6535471254124,0
2023-05-16,8.938821563336148,2.4396110180626134,2.335036081649548,461.50654993028394,0
2023-05-17,22.28021268800542,1.5442728442283278,2.9802166643214325,466.3029847901257,0
2023-05-18,28.169999793205793,0.450790340084242,3.4372689923813677,448.25795396229125,0
2023-05-19,22.505235794198935,-1.7066512481092233,1.6070723909825628,438.44306683593163,0
2023-05-22,17.48649968433406,2.4902423865792955,2.688949034384467,440.134240762969,0
2023-05-23,22.840375322462577,0.6030700851064322,1.3148011582923542,503.9691673650743,0
2023-05-24,18.992022931133416,5.826298714875298,3.4304134187788557,423.31204778591984,0
2023-05-25,20.22417609621843,-0.5047664792807254,0.6213791621477626,411.0159933566325,0
2023-05-26,31.30157563780316,-4.666863444547383,2.6245597067553565,431.1682756136954,1
2023-05-29,17.226186578008203,0.2652463656642614,2.4922453546395245,466.75381368830256,0
2023-05-30,30.247332798943944,-2.398983780089908,2.43629055896636,421.86332315852314,1
2023-05-31,27.01338389305788,1.7798339970706136,0.6829848139788552,483.06465102333766,0
2023-06-01,14.28795408687909,-5.7532337380744725,3.145149024155075,435.82527858165355,0
2023-06-02,11.866098181435145,-4.173045441365719,0.7509965757280241,486.27382419578896,0
2023-06-05,11.991383050450404,2.553415216976364,2.554808931388639,405.24589822815625,0
2023-06-06,9.793431793391422,-2.520937100365907,0.7213724734981021,467.15083113659836,0
2023-06-07,11.625537312504605,3.4397555894656513,1.519270214607674,498.4060539400122,0
2023-06-08,23.256845966354017,-2.9289766687931493,1.9657628438493269,440.6920791571484,0
2023-06-09,13.825799251040035,1.6056399727264743,1.649099212768906,505.1050570864997,0
2023-06-12,16.35690951643041,1.394825650511045,0.8010792746206411,456.88673570543466,0
2023-06-13,27.42239499805304,-0.14510757887552395,1.301982139190951,489.5118488542239,0
2023-06-14,12.247063805141885,-0.2734411427341501,1.7576974848255542,457.4233233033099,0
2023-06-15,25.413050983804535,-1.5330951844986909,2.9299246398350727,430.78200048354637,0
2023-06-16,15.674755728635937,-5.967687691303335,3.4539993122625665,419.9019516443066,0
2023-06-19,12.094110420751736,-1.1308035697135874,0.7850640815826293,419.58837720886396,0
2023-06-20,23.84860486179965,2.3430244598044223,1.4401869685071609,407.5487956272274,0
2023-06-21,22.399844968480192,3.234784895732208,0.7566081411454755,418.3799726515243,0
2023-06-22,26.817563184910842,4.5308224663853816,0.40132783918455317,414.06997798482894,0
2023-06-23,24.89683116107435,4.198579683765579,2.3844552155544103,447.3372329079985,0
2023-06-26,25.00698583028087,1.7619286262885732,2.2884235673699056,482.46748492713306,0
2023-06-27,16.62957418873515,0.7323462137456892,0.9622262130262058,409.06826882893347,0
2023-06-28,14.17210068224906,-1.3794699574964677,1.2838603314832495,407.8930370507452,0
2023-06-29,24.518832216453152,4.343445617883946,0.6825841196896525,452.3533809717943,0
2023-06-30,25.691711463971423,2.258799394297864,2.9780125818299195,437.5660485886576,0
2023-07-03,30.08561340236172,0.9449955262048967,3.5047655717672375,409.8955074570921,0
2023-07-04,17.453808222622346,-3.4994093869370455,0.7965066393969841,414.4363272626092,0
2023-07-05,19.252341839990535,-1.8559166902468287,1.4573816064151952,483.08521877315303,0
2023-07-06,25.886184943531703,0.6509004186407108,2.992126314197273,511.50370430089686,0
2023-07-07,17.209333956444034,4.815226087654473,3.51882869079304,424.67317591328043,0
2023-07-10,29.29659159242858,0.2370914578098565,1.4636687300660864,461.29359747667854,0
2023-07-11,26.588791762790166,-1.239471460109766,0.5757859653250531,457.88593572966437,0
2023-07-12,19.66889052928514,3.236895782550871,0.551979866355737,473.71455600569914,0
2023-07-13,25.13195472204541,-3.3785393107190083,2.277647957156726,477.84643579843276,1
2023-07-14,26.041002952692477,-0.20245827516641002,1.8510486873233016,480.94948658369196,0
2023-07-17,11.864524250150321,-4.641944265285257,0.33607824212105797,431.671713408338,0
2023-07-18,29.36833636032252,3.523394567539806,2.028160568529089,393.34033407661514,0
2023-07-19,20.506391075981934,3.8466882910115663,0.2535259962238198,442.9872269477931,0
2023-07-20,28.71165634633192,-1.6350207786015054,3.1261527138875023,492.1757121942092,0
2023-07-21,16.031470403790006,2.5637524292990923,1.4788194566695392,477.6319862669158,0
2023-07-24,28.115013966014754,-2.1013698462552606,0.40389976733627175,469.2610493859478,1
2023-07-25,16.752457327813104,3.933347358536317,2.176437688158246,511.18819934837506,0
2023-07-26,9.687454792059748,2.764926958008781,1.929405522431463,418.1607641092918,0
2023-07-27,28.72632607623318,2.6795408395810267,3.365777394009201,477.55606926649307,0
2023-07-28,12.955057973262171,-4.9514070396671235,2.065158359952872,466.4094102036431,0
2023-07-31,19.35128310352902,5.454150742181766,1.169458201746413,489.57121843456457,0
2023-08-01,28.90461043439288,1.829945683465015,2.423318131138172,506.06880118929337,0
2023-08-02,28.078929531105523,-3.5590661468773463,1.5511407697167654,475.2121714434691,1
2023-08-03,22.22208352284296,5.043530552793891,3.5475101919711074,434.0820488556166,0
2023-08-04,21.50891702289468,-0.803333937160214,1.4271270309646598,479.72253745927355,0
2023-08-07,19.533187827593128,2.4352757005556604,2.4305941541722396,404.7046931879053,0
2023-08-08,15.361959717767167,-3.1844882906354357,0.5542414282146655,462.48206046692445,0
2023-08-09,16.784885877778713,1.5338850040566148,1.8850933129304697,499.2133450958637,0
2023-08-10,24.541415223705435,0.6704719817801624,3.2791333799458666,442.5222343012834,0
2023-08-11,24.936757159672904,-3.7404311690320977,2.8879310969492993,453.40570316966847,0
2023-08-14,26.764459958845592,-2.8154695177279323,1.1073672925071067,437.6285364767164,1
2023-08-15,26.665521404510226,-5.659725302813249,1.3384534057893251,439.1089173792985,1
2023-08-16,9.959790532664712,-1.002861397671201,2.7299253692324603,416.20724459098784,0
2023-08-17,18.986805348016055,-2.9035393078812386,3.5206075360760627,468.0361380789811,0
2023-08-18,9.589368338937415,0.1517526347471434,0.8146446423075273,482.27935284858694,0
2023-08-21,22.992314749004848,-2.0948002129631833,1.7346258166478405,489.95029580456674,0
2023-08-22,18.72521810203021,-2.716568874040905,1.391529316229516,410.0911535041978,0
2023-08-23,29.53491286813264,3.1139840530286538,2.835372864006645,471.2043157569891,0
2023-08-24,15.38534797049959,-3.031325484880538,0.6433403107152583,493.969046448407,0
2023-08-25,11.768571904003592,3.4488967105498287,1.080570275275232,437.8091473793212,0
2023-08-28,13.660331882822689,3.7620432444471916,2.5451463064171866,398.9382670769516,0
2023-08-29,25.40948723877613,2.1777319425669988,0.6447885517178459,429.5239406549739,0
2023-08-30,22.89722115913868,1.4042179719931172,2.072189559047967,495.39547457636553,0
2023-08-31,10.768645288662547,3.9989802493126105,1.7836266768392763,475.228726037312,0
2023-09-01,13.058939615178877,-2.404015786353133,1.6357487022700994,463.9194158231864,0
2023-09-04,24.79639872493969,-3.7280594254110566,1.5222889493609042,436.63630295073386,0
2023-09-05,11.856885632775345,-3.8425607232319168,2.2904983136346866,466.4597625154127,0
2023-09-06,25.75159090472532,3.8149388513911764,1.008465016320121,389.45352658610625,0
2023-09-07,24.44864467073587,-3.7660064954684245,2.525039068801727,444.7735001704463,0
2023-09-08,11.335485633844504,0.06478224665631471,3.399140450347706,475.58291909545744,0
2023-09-11,10.046263071666077,4.992312997360701,2.686434070909821,440.48874628943884,0
2023-09-12,29.68236871830202,4.240289931186463,0.8758869387010294,470.30310479379136,0
2023-09-13,17.32868551689988,0.005143070856532539,0.8984999848346782,430.49232673199975,0
2023-09-14,18.475244451212937,-3.290612859367565,1.423663553269843,461.1300988439093,0
2023-09-15,24.02156490283585,5.677607638476459,1.8484181731181297,448.3533013627733,0
2023-09-18,29.180171376531874,0.20379904913712266,1.594805047391487,444.8994640354522,0
2023-09-19,28.5644532283517,-5.2317146325581065,2.6153405037956508,398.11735750590515,1
2023-09-20,25.38678704737438,-3.757608556161562,0.6428558385263528,393.9325317604959,1
2023-09-21,17.89947176619562,4.817830699492068,0.7276399331863168,491.74608319471093,0
2023-09-22,11.583169556843183,1.4611362555360154,1.977623227513265,420.55218821133474,0
2023-09-25,26.35023144335982,4.7461286564885885,2.5434254289273386,488.5582437171801,0
2023-09-26,19.922318935616403,2.451183203099424,0.7463324955347015,510.2039762297992,0
2023-09-27,19.592160635221227,1.4106421435148333,2.573293779144814,427.13890121234465,0
2023-09-28,27.419008835700577,-0.4313973032084808,1.112943370099808,442.70495051494424,0
2023-09-29,10.66805099563313,1.023652009417199,3.129635179047794,470.44424505802,0
2023-10-02,19.580106115317374,0.16198123107931117,3.3444760001741725,484.37589635666046,0
2023-10-03,8.131915372668397,-1.4206969791962307,1.4513405835502011,505.2151999544578,0
2023-10-04,19.62738673212873,2.1892394213929838,1.1696372567791125,444.23598965049854,0
2023-10-05,10.866815071056521,1.8788221971311172,1.6187355737070295,488.61521324952815,0
2023-10-06,13.610045246737474,3.538102249758947,0.6416159994854465,429.31192747554115,0
2023-10-09,12.999449146049093,-0.6116110741403605,2.6568156930263513,502.3106985277052,0
2023-10-10,21.59220970513326,1.0962842077299504,2.927603713799704,481.47373527195214,0
2023-10-11,24.08251009419058,-0.6065976252777692,2.821943648404796,407.1907741228192,0
2023-10-12,22.188039722477402,0.9031338769690181,3.0526569477404224,443.169757149162,0
2023-10-13,30.09052997947587,1.336609956790989,1.5827514121154538,408.3242728942485,0
2023-10-16,18.71991250536096,-3.118788138651709,1.1823249298017906,427.9674952392396,0
2023-10-17,16.928751010942563,1.5672697789267205,2.944078723384415,489.1838231031568,0
2023-10-18,27.282459953541302,-5.214258866195779,1.537617152554166,444.7947893373292,1
2023-10-19,14.83457239264022,-0.34168153680389746,2.752541448802043,411.62769483853043,0
2023-10-20,30.56318929275602,-0.40229224411916464,1.2008702148680876,432.1358687656858,0
2023-10-23,9.939781031860377,1.2424824269588906,0.7756184583015986,495.01164896680444,0
2023-10-24,29.777302721092905,5.295682421913746,3.5920270640070466,471.5473477788337,0
2023-10-25,10.53631745933187,1.346561960052449,1.1255608405946358,447.15178995129367,0
2023-10-26,27.271914159495996,3.0065521589851287,3.589567351613621,414.0808513435491,0
2023-10-27,20.6024073000118,1.0308452554848886,3.3653083615867074,509.43880285830085,0
2023-10-30,29.171752471046414,1.0097319305799908,3.1001938398624076,480.79455977501505,0
2023-10-31,11.345015321938227,-4.9029145731700154,2.4533834216247095,419.63110850174803,0
2023-11-01,20.042130823494283,-3.5412347181393278,2.1196156782982154,399.4171625830855,0
2023-11-02,29.1960563251996,-2.206879597927568,2.9874370426708374,395.8751473746581,1
2023-11-03,20.91034717701884,2.674027975373861,1.756316243153731,409.31371478451655,0
2023-11-06,21.999209226498454,-3.298832964239376,1.7546469518362422,470.41410114480414,0
2023-11-07,23.924265532223256,-4.950833390674845,2.616496953451595,484.82539031024413,0
2023-11-08,19.23016388897673,-3.5543148788305126,1.5064780884464393,451.5591004107795,0
2023-11-09,23.003696493502602,5.197192970728999,1.880040451285641,477.72765478934554,0
2023-11-10,21.552706397156786,-1.1392651315915256,1.55027069280442,441.9855715732664,0
2023-11-13,29.109026551687585,0.3692944164381895,2.5169408259988537,455.75794245693,0
2023-11-14,8.80800874537724,-3.2939786661697683,2.920843205011645,470.9818914370847,0
2023-11-15,18.557016639012378,0.9823464507547828,0.9184522904268612,415.4593167922842,0
2023-11-16,28.13709591749366,-1.8652883206808997,3.279997040590928,441.52448533793813,0
2023-11-17,28.208665701172404,-2.844181209322402,2.9002233270927795,465.9630247863561,1
2023-11-20,18.174667145508412,-2.053574088287745,2.7929879420513366,395.08573956891615,0
2023-11-21,23.046920115540036,-5.1747416389709855,1.650888751449195,446.99600121673103,0
2023-11-22,15.82419281221758,-5.774766107768061,2.8505036717468473,455.5829770303392,0
2023-11-23,13.111709657130136,-2.6341004900729104,0.7385057756106034,501.60638447623876,0
2023-11-24,20.347055444209957,-1.647527372388378,2.752380087810633,447.3615327283927,0
2023-11-27,16.903083680919135,-3.552260793218782,0.7900030119267524,476.42810123921015,0
2023-11-28,22.220338175074446,-1.924923192784882,2.962557932086096,445.384751904149,0
2023-11-29,10.63753293410366,3.947658297775381,3.446576534577594,484.3949566212567,0
2023-11-30,29.45700851775175,1.2031743209022205,1.532738849587545,442.0725232485553,0
2023-12-01,31.727622156774164,0.5467717500160052,0.8934625885096933,483.2719357767789,0
2023-12-04,24.926199809509033,-1.4582611747031127,2.832392757875633,438.5447855309751,0
2023-12-05,21.02954808233346,6.374080759157705,1.502073725019207,462.9921480390907,0
2023-12-06,15.741631498116762,-2.160738022953999,3.1914739693588805,474.934978121154,0
2023-12-07,26.34339893001398,-3.6554402552308307,0.6644025649542765,434.02088603407947,1
2023-12-08,23.89218944124997,0.24428403119647435,1.1816092596814336,409.4515859005697,0
2023-12-11,13.701567221817573,-3.3061034188917375,3.5691331676863447,404.2305995847681,0
2023-12-12,27.141883181699185,-2.4664550834691736,2.149427094825153,393.6518791589179,1
2023-12-13,27.119152819405745,-0.34324742642699607,3.2135103962337035,483.88156147339885,0
2023-12-14,27.906405167543827,3.447135332613852,1.3587132815710985,431.3555134237492,0
2023-12-15,26.145516020049072,0.9112825227458953,2.5687639580903063,410.6123199745333,0
2023-12-18,21.49667559629892,2.941042104259057,2.4843262827844437,477.8816839941356,0
2023-12-19,18.661489045488555,3.68245101354432,2.1995294434358743,414.9825890085558,0
2023-12-20,29.659712240358285,-3.6301746900203353,2.2184788558048014,444.9910892767616,1
2023-12-21,27.06889774654372,-2.9622645995539774,2.5271865577684616,412.9562135275658,1
2023-12-22,11.244973421223646,-2.3127441546988705,2.0201038021483875,512.7231688753376,0
2023-12-25,11.962521039135092,-0.9987352650360568,1.3103168805050514,482.41011695419684,0
2023-12-26,18.09367032545426,-1.1982720358003622,2.9764282830380293,464.3665275619911,0
2023-12-27,26.56661724531101,6.502826511911072,1.1049399435968217,420.688485788588,0
2023-12-28,28.060737191478427,2.5732862700292602,2.5964569538154123,476.5764172341841,0
2023-12-29,12.07461556933034,-0.29856535984719934,1.1711408794206317,420.5253240968771,0
2024-01-01,22.929534434692712,-2.4710468255431213,2.3102016927919014,404.61645883545054,0
2024-01-02,18.187767437961813,4.259287137642346,2.8130953174042377,403.67299431581273,0
2024-01-03,30.11975423007714,6.639047887719814,0.9145059019905,470.2827697155127,0
2024-01-04,27.47777539492907,1.6259995132643064,0.629513736430809,440.14357831742274,0
2024-01-05,28.056330622598132,-6.864273333224316,0.9558171234792032,460.75064045112026,1
2024-01-08,19.112463270944282,3.234978877205852,2.685611043405404,384.42616519145776,0
2024-01-09,18.416890005542605,-4.0990320082080896,2.8148323756146674,433.2191836363619,0
2024-01-10,14.439467105485042,-3.292220528539148,0.7391010752527586,453.7364021707679,0
2024-01-11,9.849487349582166,-3.8701239103998484,2.828483532410511,441.5209171900457,0
2024-01-12,25.650706809513004,-1.5977932095230005,1.148612191713609,472.75930845855885,0
2024-01-15,25.372856683601704,1.8692746415232284,2.0176915126404182,424.4429113619487,0
2024-01-16,31.546915281212254,-3.5273024464978637,3.462635665333453,481.93303397704386,1
2024-01-17,28.380009673662073,-0.2373410300123754,1.6136450500840236,449.56759073722793,0
2024-01-18,20.80509812647535,-1.451530862737117,1.8792253508439232,419.17390149885847,0
2024-01-19,24.086602979964052,-1.223782620987475,0.607695251586529,408.69758089932577,0
2024-01-22,28.2943406346452,-4.715174621207657,0.7787650994643212,476.4353362082762,1
2024-01-23,27.16264160590025,-0.5551383424509284,0.9378833057413132,479.95769859226436,0
2024-01-24,14.246846161658944,1.6164341557211568,0.6222207874141163,436.6739170124786,0
2024-01-25,20.100547571218332,-4.698024193827666,2.3207118969484184,441.71944619720006,0
2024-01-26,14.117166423879466,-5.194015253971195,1.638230636205271,474.2786953555678,0
2024-01-29,26.83192481711851,-0.8011508398165008,2.6414295989013974,455.6709580347638,0
2024-01-30,21.44050035866648,5.275708232845917,1.2744647016129,433.846345479622,0
2024-01-31,14.631998232341678,1.4511058972717268,1.1577616762469707,448.11130571093537,0
2024-02-01,24.560130714132512,1.8249375616856767,2.560800663871343,424.74196309001564,0
2024-02-02,21.908320534004655,-2.829391506254894,3.6875132260040644,470.0770176876627,0
2024-02-05,17.143318965410998,0.6369312640785975,0.3520104899914272,461.5942042292385,0
2024-02-06,11.114407618940632,-4.9488927767643105,3.186549590847229,477.0701931254273,0
2024-02-07,21.898668059593646,3.981753555125397,2.255458149077524,454.10570741743294,0
2024-02-08,21.8515387076588,3.020902449988204,1.9368601237670666,443.017254893239,0
2024-02-09,23.62229796081985,2.5899119222006295,2.076745666545727,450.72102725217945,0
2024-02-12,22.73188903066143,4.73384470812926,0.9314315358161752,485.4778790293359,0
2024-02-13,27.76878140575254,2.5203669591510747,1.0712400734923126,470.9941132778953,0
2024-02-14,21.718109851006467,-2.0357953517679643,2.252863196652069,461.95825532581864,0
2024-02-15,21.794228098202158,4.396638545465281,2.0232047213336974,480.2928998674186,0
2024-02-16,27.28038636516594,-3.946402360774322,2.840210849053691,458.8555096636499,1
2024-02-19,18.461741853948812,0.28655407246009224,1.7910149540413092,462.7468623949949,0
2024-02-20,12.49140788122834,-2.355059879646796,0.6473855121219522,404.10628762544627,0
2024-02-21,11.12872680270726,-3.7864646588800754,2.6621930280054884,433.08657503217984,0
2024-02-22,25.069058586563663,-1.4053346862198224,1.2756789143020237,402.80218138031057,0
2024-02-23,21.45584284396756,-3.3688401180572045,2.177786413345792,484.4900695839326,0
2024-02-26,23.211022745722712,-0.3429756994196269,2.568122213695071,435.15766661668226,0
2024-02-27,13.27501085488571,-0.028039697052138157,3.035595498000908,496.2549872326606,0
2024-02-28,13.698330243669703,-4.626133851525882,2.7245153948922325,454.7989481200699,0
2024-02-29,9.673446700898541,-2.532528914078404,2.9155751031080825,449.0438695569552,0
2024-03-01,15.099648015047077,0.12912230941746328,2.627604294877914,462.325591875073,0
2024-03-04,22.195192402941466,-1.6111498495849925,2.997348190788582,415.33433687906006,0
2024-03-05,19.359398464584228,2.3497576103028757,1.4976298395129608,444.91266471545407,0
2024-03-06,19.52258162965211,2.371347368124681,0.4644009501169628,390.98698945186186,0
2024-03-07,27.479850324653256,1.209154295914462,1.3167838956140239,465.4103130063161,0
2024-03-08,15.378297624870918,1.318227971926956,1.3176517696765913,432.8097671208686,0
2024-03-11,20.145521679838705,-0.4894055338190455,2.722149190084564,473.82526463158007,0
2024-03-12,25.51383637672615,2.9297451803711856,2.2293722537124494,427.39069708630086,0
2024-03-13,16.961656036111638,-2.73809070495202,2.2744358172830945,417.3675419054926,0
2024-03-14,22.992771306800005,-3.813417718259747,0.4395081290806472,432.11782329858363,0
2024-03-15,29.093900675765376,3.5095630451740694,2.8057065995667947,492.72126988368234,0
2024-03-18,29.21269519061113,-1.1711672248098077,1.4241303387092408,455.72682834880476,0
2024-03-19,13.101945825579604,1.7941367460931636,2.5010182629602684,453.3950364382748,0
2024-03-20,27.594524454396065,2.59987834696956,2.115679933304427,449.67437678046855,0
2024-03-21,21.239740564651136,3.3910980189569875,1.5069688731698552,419.6068005602631,0
2024-03-22,15.08974359916915,3.5616076938738606,1.2446590024979503,493.1922727666509,0
2024-03-25,18.603751869571052,-2.8957138519661068,1.2614099259349878,461.4049705854261,0
2024-03-26,29.66433989936116,-0.9142656199014797,3.069973418085166,420.8985389799638,0
2024-03-27,20.324323213103998,2.0968625072198606,3.235198670281293,467.3425787384552,0
2024-03-28,16.714247614395067,-0.6367537742842183,2.130236788114962,403.85392503361464,0
2024-03-29,23.874170482005105,-0.12694400242248727,0.6582187046191754,503.02962120491014,0
2024-04-01,15.186883928110724,1.8543670924907278,1.680734443507541,413.6539748116437,0
2024-04-02,11.233324751290743,1.877528869691911,2.5438049561879863,445.04339880660524,0
2024-04-03,12.978786654539874,-0.6556767402368763,2.7174824994558198,418.84230557602837,0
2024-04-04,13.060553880281406,-2.663057494294391,1.169733761684499,459.9650561212251,0
2024-04-05,11.741677950982046,-1.4288804141564204,0.5058503192838436,478.0211639608515,0
2024-04-08,13.925963181251918,-3.492063002767352,2.6600535359222026,455.43789553439836,0
2024-04-09,22.516590876702935,4.358250756453324,1.4349504158909714,470.7096970326654,0
2024-04-10,13.362278464477468,-0.08540307047465934,1.498952939808698,488.3361507916709,0
2024-04-11,17.664721653553208,-2.750895987942039,0.4961766837708627,406.0867111513884,0
2024-04-12,28.68293342237982,-3.9564657135669723,2.0167254872543277,439.65039795589536,1
2024-04-15,18.778401126391362,1.5420504907942039,2.7373020428160566,434.4678173038432,0
2024-04-16,24.15405638856623,2.7794823197509366,3.36067455606749,498.6004086888457,0
2024-04-17,12.885949272543073,-1.1841955382275857,2.0868232514843874,431.2269749711944,0
2024-04-18,15.665353422872071,-5.14396902169706,2.3802999324230623,455.5215737629186,0
2024-04-19,9.989178344063813,0.49965891907751137,1.1239488948681133,461.61201881774866,0
2024-04-22,13.618178723149189,-1.189921776827037,1.8995623056745445,415.03600128125817,0
2024-04-23,14.789789143731564,1.3281623762216113,1.4155065893199843,424.9703425510781,0
2024-04-24,15.76290531467001,0.5782995271276605,2.2661419156254414,424.67698754392313,0
2024-04-25,10.536229731053997,-1.0574871728838384,1.5029714645507857,447.9920575464522,0
2024-04-26,12.937080169264926,-2.3578896621825143,1.264380685488443,417.3026738523458,0
2024-04-29,18.480664946176717,5.077651927187125,0.719571127868016,401.3947366061554,0
2024-04-30,13.772566726667863,-0.14867511459596644,1.5008618018777389,499.77918011268844,0
2024-05-01,17.738935054706687,3.582699732378751,0.9931532071926502,499.9792352776381,0
2024-05-02,21.29292985472328,-2.5229271719815065,0.8178465504048503,433.55666328627115,0
2024-05-03,25.431293134886353,0.04653258785900277,3.6610507202341176,427.8312435231955,0
2024-05-06,9.249294836795658,-3.783322220537862,1.6865801878558204,394.3768673102873,0
2024-05-07,26.255959202545316,-0.9779727244230403,2.525311869344805,459.5189363035179,0
2024-05-08,24.017501393201677,5.038101121123832,3.445050779461524,477.13392091703383,0
2024-05-09,9.949869700215498,0.6513734795911124,3.4640906342948163,422.21748842344346,0
2024-05-10,27.785955976190394,-4.828085769643257,2.0554266591280363,413.7477522237924,1
2024-05-13,28.41536421321608,-5.53807601942565,2.7064482671975982,465.51059430333146,1
2024-05-14,11.636101011477063,-1.7722212891243656,1.655548773424932,479.3107677660123,0
2024-05-15,14.7652489376176,-4.4893836727104475,1.4111513190357736,407.6857076742233,0
2024-05-16,24.688406767647788,-5.551240944845844,1.893484540134072,448.18526504109644,0
2024-05-17,23.052087382494143,2.191628040911739,2.9583675818800756,426.47328301196836,0
2024-05-20,14.666804340589648,-1.820336930359735,2.3924984800220717,437.9813793753688,0
2024-05-21,15.29103560321756,-2.0919339463238518,1.199690655196735,494.0190627626618,0
2024-05-22,17.712127404823626,4.903109003951455,0.9381418193164113,470.01239468467236,0
2024-05-23,19.15631135413233,-4.746366578141664,2.6261406916869854,449.7960698775425,0
2024-05-24,20.742049537140172,6.078472213194962,0.6968855286091421,508.71015787035896,0
2024-05-27,17.94161825390047,-1.349540737698877,2.2424024724398395,434.3597287444615,0
2024-05-28,18.149915039826276,4.914617308710869,2.854275116403125,474.40846733440867,0
2024-05-29,24.238120137914592,0.37159421094247835,2.2752589214852805,438.0246339826882,0
2024-05-30,10.147099978249239,4.121598824481491,2.80747992426661,487.71862124140534,0
2024-05-31,14.851203661183446,3.7481977317093307,3.0105576459772365,490.4102246215885,0
2024-06-03,23.5079512704824,-1.225698120976034,2.024708294088626,415.3381807679321,0
2024-06-04,27.93759552473629,4.783194193869462,2.832704426705451,504.551167841227,0
2024-06-05,19.61173054180693,-0.5519298309910128,2.4016799076751285,475.0725235058251,0
2024-06-06,21.343642770145536,-2.3204755582556285,0.8578753389706767,459.45782078900675,0
2024-06-07,13.174503140783575,-2.491198799731548,0.47681970696152876,419.8786861757898,0
2024-06-10,19.056790012497533,1.0113042917292365,1.6389427530956944,483.4472961751529,0
2024-06-11,21.114971664481565,-4.40689757243933,1.894887697797678,487.50745034535413,0
2024-06-12,16.967266022320484,1.0003211456792354,2.5193816588029385,425.6483009703246,0
2024-06-13,14.212261362126302,-0.9500896823602059,3.0999370535462245,496.47352883287175,0
2024-06-14,16.312215160812347,3.467192338715368,1.250560363766881,420.14046272343893,0
2024-06-17,11.096421856331402,2.1039763046073463,0.7974201517079669,418.80826701433904,0
2024-06-18,18.38812614917833,-0.04328655919623592,3.2369375130694955,450.0244295551206,0
2024-06-19,13.96846157799217,-1.3510365728390619,0.9768732212988307,452.57726894127103,0
2024-06-20,18.27678088577705,-3.1034228452586303,2.1609480124106786,462.81648475331303,0
2024-06-21,12.491676355178514,-2.471735065866554,2.073834924220577,418.06431254985307,0
2024-06-24,27.12965833275882,-4.163081914676195,2.0089343004375695,494.20367036695103,1
2024-06-25,20.88115668244327,-2.114362067845605,0.7254511854526483,404.2608658282073,0
2024-06-26,24.21145996777658,-3.3060777627683757,0.9950456630073878,409.4830595629772,0
2024-06-27,24.86846570436407,2.7015481669914942,0.9290773734167589,412.39128532702534,0
2024-06-28,20.050120821348173,0.9267383098001327,1.99194568564466,476.2842158768562,0
2024-07-01,13.321870787132568,-3.0920323810569794,2.1144381045850626,497.7328188864111,0
2024-07-02,20.435350443499583,0.9000202093782685,1.152046624960146,467.4224456459007,0
2024-07-03,23.050831835061484,-3.8714812026252945,2.1786685143359885,482.6335751797851,0
2024-07-04,23.694245993960195,0.11958026746022499,2.9392441227880024,377.48505245800055,0
2024-07-05,18.099281823276787,0.9602977147207739,0.5667293916185068,461.6530384908208,0
2024-07-08,11.144462029696358,-0.4404694684225773,1.9220633259206954,447.29796191051065,0
2024-07-09,15.748514871947847,-0.25034128916846166,2.4864549628317083,454.18021492868655,0
2024-07-10,18.041724107689284,5.2735419180811,1.5512144908788221,400.10669659268177,0
2024-07-11,22.993531914238208,4.119303578672048,1.3505720926593443,464.59896731715986,0
2024-07-12,22.642616153348392,1.7033271714029277,2.350847920228204,446.2117921208317,0
2024-07-15,16.372755277327794,-0.8417985113842785,3.182052937875865,486.73111482685675,0
2024-07-16,29.95564772954866,1.9633934782328226,2.828769890835231,444.7414650401406,0
2024-07-17,21.588027063523885,-2.374410127762065,2.26529160377229,435.7647668437412,0
2024-07-18,15.106212420143546,-2.0653056959333114,2.7037352724913,469.1343195979326,0
2024-07-19,12.5393854986205,-4.849485144765208,1.6104187160032393,404.4818096105593,0
2024-07-22,13.639578743670702,-0.28384691275936474,2.251049955876989,485.9539934029619,0
2024-07-23,13.84856022945456,0.2957490551748988,1.8573198719321429,454.79487268536,0
2024-07-24,12.323881363404544,-2.388642672399369,1.2218727844426542,393.7765636574952,0
2024-07-25,13.027052772834928,6.0716552534863215,2.5692514953557635,512.2285151492586,0
2024-07-26,15.463022626010344,5.1763128370452485,2.201750294566718,458.86797175573207,0
2024-07-29,13.554658310101527,0.9092131611276524,1.6092721460060453,412.62191836615864,0
2024-07-30,28.64339761438518,0.9559362779596745,3.3174965963826755,464.33732704450375,0
2024-07-31,10.756576213893613,5.02862491601226,0.674532536482962,411.49971501435664,0
2024-08-01,18.88920849370334,-3.306668041076168,1.4124893317986438,475.5331737921759,0
2024-08-02,20.36367970300002,3.996078367934817,0.4883771327145204,490.2000151044592,0
2024-08-05,28.5161193175197,-1.7395214146307518,2.5558388829299066,487.38253528764113,0
2024-08-06,13.077101766356598,3.965816171601035,2.8098596448886495,424.86925993994225,0
2024-08-07,17.988378858163507,-1.9930157218447015,1.6481067458031644,443.2246278949645,0
2024-08-08,29.640714306313757,4.815994284266642,2.6568616434887242,473.92998500437267,0
2024-08-09,27.308592012043704,4.58530877135087,1.8500523841603842,414.60269979833976,0
2024-08-12,25.956599537038475,-3.4881372626638885,2.736450177542125,461.9767378144578,1
2024-08-13,15.622028823822255,-0.7246581850597978,1.7375757046570084,461.0008181353972,0
2024-08-14,12.979164541544021,6.3732871404589595,1.540757701535389,411.53501033347794,0
2024-08-15,24.539167145725408,-0.9843543062105352,3.0863197471478028,453.75372243155846,0
2024-08-16,29.15596078880787,5.167842949823568,1.495069037382167,470.1387820485871,0
2024-08-19,21.73485197356009,1.3871793450535694,0.7627130488388665,490.66118034423994,0
2024-08-20,20.925130729341408,-2.6460070956059227,2.464601153620552,416.1891501253375,0
2024-08-21,15.363227136116686,-1.7745151517498767,3.3705882707764068,396.6764654139807,0
2024-08-22,24.201945855196673,-5.067795596790751,1.4982693995330751,411.24084161336964,0
2024-08-23,13.387858914424907,3.2434899306080083,0.46723733137631585,480.01718499064333,0
2024-08-26,15.437008811728576,-0.24936344878073025,1.4002849305311524,406.274844082197,0
2024-08-27,19.82179728791705,-0.4796013336445425,2.301442719539933,479.53387489776895,0
2024-08-28,20.202743389283107,0.04680249596740181,0.7689270039406786,403.97117412439934,0
2024-08-29,15.018691883342035,2.726947726081599,2.8976560184654065,453.7503001919705,0
2024-08-30,12.071589967434049,3.1500247519835862,3.325126681536673,429.4903925449689,0
2024-09-02,22.40997977088406,3.748485848777694,2.0052084220745803,490.0777196381288,0
2024-09-03,18.237488700662798,0.557505488200768,1.53513541133964,423.49947862630586,0
2024-09-04,21.324624144059754,5.237776411593825,1.6380005839981628,462.1276726854269,0
2024-09-05,12.436841270774053,2.648973618395024,0.5911543797605763,422.46819847057793,0
2024-09-06,20.152495170001792,1.7467525499640892,3.1301422077284236,484.2866316544806,0
2024-09-09,18.126070017429228,5.901947351650212,1.5128197672908552,479.87608619004243,0
2024-09-10,11.100427523359471,-3.737739077254356,1.3255078143210357,425.835262822077,0
2024-09-11,16.36037266058551,-4.392663732271655,2.502990554434913,488.7645318487654,0
2024-09-12,11.695980272743391,4.770494182708957,1.6990156414262194,457.7533316216763,0
2024-09-13,11.775257079766854,1.0765124450459922,2.781570109648534,437.72005406604524,0
2024-09-16,29.8531930662447,4.03256940224496,0.884343213410927,432.19779063798524,0
2024-09-17,14.644667992000242,3.0510876984520947,3.280656467434036,412.5491717528397,0
2024-09-18,25.55095939590026,-2.388362952109844,3.185335277736628,457.71047649501696,1
2024-09-19,12.204541890082552,3.3036767320486424,2.4735237065044156,485.4114331471567,0
2024-09-20,23.92332375861209,-0.8519472274772302,2.8395635946402216,427.4715413637967,0
2024-09-23,25.48785661623389,0.44666272453194406,0.8979364669725451,467.3132130835108,0
2024-09-24,21.119492918323214,2.820085531646876,1.9519482380459974,493.70199313405175,0
2024-09-25,19.971636482686293,5.117802043853091,2.336229817376696,491.64009947714004,0
2024-09-26,16.95431966182385,-4.393973555340449,2.2367362601552254,447.69937689927855,0
2024-09-27,16.01084830492491,0.2317232132962772,1.7177038516174632,478.3162246362001,0
2024-09-30,29.007773349339082,1.920735092949073,0.9716047012661018,473.9276323974209,0
2024-10-01,25.923721400791642,2.7852090915007905,0.931716434867652,444.10883024147546,0
2024-10-02,29.237881257127807,-0.6042357623232228,1.7719153300728423,479.90074380659473,0
2024-10-03,11.922295442284552,-3.95225616498858,1.2555875258422255,462.5788399356786,0
2024-10-04,24.2064183477737,-1.7647221813664067,2.7768446413320413,437.4626058888523,0
2024-10-07,28.399584920465763,-2.563858829449372,1.1003453931411222,453.0974692832096,1
2024-10-08,12.917904566095025,3.4306953946066097,0.896684300299796,482.9522088440662,0
2024-10-09,11.632375061695674,-2.4168724968405915,1.6856315685318073,489.58092556760823,0
2024-10-10,24.19448449904723,-1.1374746630124783,2.1826994920327762,439.7162638521599,0
2024-10-11,21.50514897739384,6.1474999155958185,2.9625771878297744,418.8207070759403,0
2024-10-14,26.10784385379104,-5.377172717983474,2.2240404772867834,449.9485661306133,1
2024-10-15,11.261148906141331,4.827370845253086,1.0967039987245042,467.76589239246454,0
2024-10-16,26.81778148645697,1.6942654229655636,3.1729627770277054,423.5415570042598,0
2024-10-17,14.5320733860503,2.8330335183315474,2.070874699625414,487.1466596874499,0
2024-10-18,15.561800926111761,-1.8587810525099417,0.801600192125362,438.1929817165018,0
2024-10-21,12.2413431186216,-5.615129292216991,2.242169925951719,433.1419469092974,0
2024-10-22,26.08253391729561,1.2480798506777742,3.4765536152403773,404.4369947455133,0
2024-10-23,23.175436933068195,3.9641571939070266,1.3165478495198522,431.3543244414078,0
2024-10-24,21.45067793366452,3.0342909037570025,1.4114416387933626,495.2430327982183,0
2024-10-25,16.669501788337442,-4.375812886651606,1.1596440231950322,437.4107054453188,0
2024-10-28,26.37296896208631,3.42963465333229,0.9347392764619337,427.7630331982822,0
2024-10-29,19.05671145691371,2.057650091911078,1.6080605743977963,452.9834649167132,0
2024-10-30,26.015338760170312,1.8385703947385303,2.1662614493534313,433.4399586789613,0
2024-10-31,19.661341681130413,3.481503340568318,0.6632578151475244,393.53380244200537,0
2024-11-01,18.301086989290365,3.4256018320736086,3.174495761170899,432.2866606212727,0
2024-11-04,19.22370523948983,1.590782054515718,2.7348386289221156,449.0799583737885,0
2024-11-05,15.853243778248093,-4.630382504190781,2.561521235487988,451.73059763495445,0
2024-11-06,24.56062279719522,-0.32018848675598854,2.865843059709476,431.91055061018636,0
2024-11-07,20.039214673079595,-4.42936608416429,0.64302547558054,434.9310198774376,0
2024-11-08,15.507354129106977,-1.6711480362159306,2.022472750009436,476.9784059321367,0
2024-11-11,27.195051284431788,-1.1057092718595056,2.355315307792215,431.0534172397535,0
2024-11-12,17.78667005767335,-5.888519857461331,2.720121691685891,427.7564758452399,0
2024-11-13,19.752425794080967,-2.002948407447312,2.838170992591999,410.8649339524011,0
2024-11-14,27.135335986248748,-4.174894505456522,1.3114294626608136,445.9332836351296,1
2024-11-15,22.45382092112422,2.8261723475968408,3.5177761777652434,494.95469911480404,0
2024-11-18,10.37780280587345,4.235382813773928,0.6786070446520788,430.8293839713697,0
2024-11-19,30.857201088885557,-4.3385994472807425,3.321864752414545,487.3650278052821,1
2024-11-20,21.36110110651812,5.030593591003079,3.393254586393867,406.0262611042689,0
2024-11-21,16.65802378048517,1.100283067499974,0.8098722354848775,453.56839602825903,0
2024-11-22,13.95365917508461,-2.6541084473095284,2.40444253019597,470.34685921560083,0
2024-11-25,25.017598446655423,-5.43458010262751,1.0077342619157013,427.42989290722335,1
2024-11-26,20.09875812902555,-1.0358017315389252,1.6842852708503768,428.9823080831652,0
2024-11-27,20.224276079401758,2.4579525237125592,2.2361507209391194,432.3593780230141,0
2024-11-28,27.003031280943034,1.7189434548504723,1.9003117988072762,489.6027789108161,0
2024-11-29,23.495570715898612,-5.26773595155772,3.835350722338459,399.6961378734033,0
2024-12-02,13.318387487227223,-5.567098310570859,2.6954009875560097,482.71474742357765,0
2024-12-03,16.44153521814392,-1.4273880011478175,1.892745810826669,412.2810175052572,0
2024-12-04,16.112109250827668,-1.8656684394065959,2.867791937226566,491.266338685608,0
2024-12-05,23.75810348593315,-2.081127303603957,3.4985180885238263,446.5022495830841,0
2024-12-06,9.071512208268576,-2.747378064021185,0.7016347833918819,454.84063770863827,0
2024-12-09,20.991070614379748,2.6218296108254124,3.4840696728476037,436.0169150850414,0
2024-12-10,25.160831055804717,3.365582227471229,0.7605721688314871,487.8244494062733,0
2024-12-11,28.456662338221484,-0.9804122250991122,3.0553737546114674,413.7976564715043,0
2024-12-12,18.252202979323307,3.2126813871341566,0.9926635470382019,422.4419189440028,0
2024-12-13,27.639625227347604,-1.21191517427998,0.8222840307387647,447.42098812815203,0
2024-12-16,12.48917840599681,-2.021496628496195,1.4901941474829354,407.15797536975685,0
2024-12-17,27.72854508819451,-3.0993396942924654,2.5527882072833417,417.4592667946298,1
2024-12-18,11.909279811870466,1.7058677609501813,1.5076927408637613,504.07980023908425,0
2024-12-19,18.11414100368259,4.973645668070594,0.3493806091122613,501.83656571606366,0
2024-12-20,24.754617176303267,3.7279646244142834,2.1396261141723563,439.8317683104158,0
2024-12-23,13.061033943862348,-1.0720591342966037,3.237081068625181,479.61908489047073,0
2024-12-24,14.673674602050841,0.4741198630632735,1.608600421330593,450.69667013521166,0
2024-12-25,26.167179973546293,-3.8662574624351973,0.9143670210859265,435.96093819076845,1
2024-12-26,24.17174786943124,2.110344469187534,1.4867583174523231,470.61683783929914,0
2024-12-27,22.912995495359233,-0.04976024149839724,0.6598746905524431,472.4854953533771,0
2024-12-30,24.115930305054043,-1.3395586366043384,2.8453091320907324,516.5776499141497,0
2024-12-31,20.39966855106347,1.7740381600953539,2.9274062908777503,436.8907894330165,0
2025-01-01,14.233488444927408,0.6982983532984897,2.2320643527912254,468.13753364317097,0
